Variable name,Short description,Long description,AST_comment
Screener_ID,,Name of the observer,
Study_ID,the rayyan number,ID of paper in the data base,
Title,paper title,Title of paper,
Authors,"lastname of authors, coma-separated","List of authors, coma-separated, only last names",
Year,year of publication,Year of publication (4 digits),
DOI,,DOI of paper,"This one can be tricky when people change locations or when the lab PI signs some papers as first or middle author, so you will have to think about how to do it. The idea here is to try and see if certain people tend to find certain results (not necessarily on purpose)."
Lab_PI,(fill in later),Principal investigator of the lab,
Journal,,Journal,
Species_latin,species latin name,Latin name of study species,"This is easy enough to do and should allow you to test the effect of controlled vs uncontrolled environment quite well, but you may also want to know if there is a more long-term effect of being in captivity, which you would not be able to separate with this variable as it is. You may want to have an extra one that categorise whether individuals are captive-bred (for 1, 2, 3 ... generations, something to think about) vs wild-born."
Lab_Wild,experiment in the lab or in the wild,If the study has been done in the wild (fill in Wild) or lab (fill in Lab),
Captive_generation,"FOR LAB STUDIES: number of generations since cptive (0, 1, 2, a lot)","For lab studies, number of generations the birds have been in captivity (0, 1, 2, a lot)",
Latitude_N,in decimal degrees,Latitude in decimal degrees,
Longitude_E,in decimal degrees,Longitude in deimal degrees,
Altitude,meters above sea level,Altitude above sea level (m),"Need to define how you define each category, e.g., what if they study great tits on the 2nd of March in Starnberg? Is that breeding, non-breeding... Etc. Do you follow the authors categorisation, or do you do your own, etc...."
Season,wintering / pre-breeding /breeding / post-breeding. refere to author's description,"Season of data collection (i.e. wintering, pre-breeding, breeding, post-breeding. refer to author's description)",
Year_collection,first year of data collection,First year of data collection,"If you have multiple years together, you may want to say the earliest year of collection, for example."
Pop_ID,some ID to identify populations if repeated from one paper to another or if several pops in same paper,Population ID,"If you can, have a specific set of levels pre-defined"
LS_position,in nestbox / outisde nestbox / distance to nesbox,Loudspeaker position (in nest or distance to nest),"If you can, have a specific set of levels pre-defined"
Noise_type,city / traffic / aircraft / white / other,Type of noise broadcasted (city / traffic / aircraft / white / other),
Group_compar_YN,"is the study a group comparison (yes  = 1, no= 0)",Study is a group comparison (1) or not (0),"If you can, have a specific set of levels pre-defined"
dB_weight,"A, F, C, Z","decibel Weight (A scale, C, F,  or Z)","If you can, have a specific set of levels pre-defined"
dB_measure,"if provided something like Laeq or peakLA, many options available","kind of noise measure (Laeq, fast, slow, RMS…)","If you can, have a specific set of levels pre-defined"
SPLm_pos,nestbox entrance / in nest / outside nest,"Position of SPL meter (in nestbox, nestbox entrance, outside nestbox)",
Broadcast_period,"whole breeding / nest building / laying / incubation / nestling, if several indicate all with comas inbetween, ","Period of noise broadcast (e.g. laying, nestlings, incubation…, if several persiod, mark them all separated by a coma)",
Ctrl_noise_min,ONLY FOR GROUP COMPARISON: min noise level (in dB),Minimum noise amplitude at control nestboxes (only for group comparisons),
Ctrl_noise_max,ONLY FOR GROUP COMPARISON:  max noise level of control group,Mean noise amplitude at control nestboxes (only for group comparisons),
Ctrl_noise_mean,ONLY FOR GROUP COMPARISON:  average noise level in control group,Maximum noise amplitude at control nestboxes (only for group comparisons),
Ctrl_noise_SD,standard deviation,Standard deviation of noise amplitude in Control nests,
Ctrl_noise_SE,standard error,Standard error of noise amplitude in Control nests,
ID_Ctrl_group,"if several experimental groups and only one control group, identify here ",ID if the control group if some experimental groups share control groups,
Expe_noise_min,"if group comparison, min noise level of experimental group",Minimum noise amplitude at experimental nestboxes (fill here min amplitude for gradient studies too),
Expe_noise_max,maximum noise level,Maximum noise amplitude at experimental nestboxes (fill here max amplitude for gradient studies too),
Expe_noise_mean,ONLY FOR GROUP COMPARISON: average noise amplitude at expe nests,Mean noise amplitude at experimental nestboxes (only for group comparisons),
Expe_noise_SD,,Standard deviation of noise amplitude in experimental nests,
Expe_noise_SE,,Standard error of noise amplitude in experimental  nests,"If you can, have a specific set of levels pre-defined"
PB_period,number of hours of noise per day  / continuous,"Duration of playback (hours/day, or continuous)",Add the list you have already ready
Outcome,describe outcome,Name / description of outcome variable,
Outcome_unit,unit of the outcome (include transformations),Unit of the outcome variable (include transformations e.g. log transform),
Bird_age,age of bird at measurment of outcome (in days / ad if adult / f if fledgling),Bird age at the time of outcome variable measurment (in days / ad if adult / f if fledgling),
Spl_time_after_noise,how long has the bird been exposed to noise in days,Sampling time after start of noise playback,It is very important to understand this
Repeated_trait_ID,"if trait repeatedly measured across time, identify here",ID of a trait measured repeatedly over time (e.g. body condition measured on different days during nestling stage),
Outcome_expected_sign_authors,"WHAT THE AUTHORS SAY: 1 = expected increase with higher noise, -1 = expected decrease with higher noise","Author's claim: use -1 if the expected relationship between the outcome trait and noise is negative, e.g. the more noise there is, the less time we expect individuals to survive; use 1 if the expected relationship between the outcome trait and noise is positive e.g. the more noise there is, the more mortality we expect to find;",
Outcome_expected_sign_metaanalysis,"1 = expected increase with higher noise, -1 = expected decrease with higher noise, ASSIGNED BY US ","What we then use in the mata analysis: use -1 if the expected relationship between the outcome trait and noise is negative, e.g. the more noise there is, the less time we expect individuals to survive; use 1 if the expected relationship between the outcome trait and noise is positive e.g. the more noise there is, the more mortality we expect to find;",
Mean_ctrl_group,mean value in the control group,Value of outcome variable in control groups,
SD_ctrl_value,,Standard deviation of the outcome variable in the control group,
SE_ctrl_value,,Standard error of the outcome variable in the control groups,
N_nests_ctrl,sample size of nests,total number of nests ,
N_individuals_ctrl,sample size of individuals (total),total number of individuals,
N_other_replication_unit_ctrl,sample size if the replication unit is neither nest nor individual,total number of other replication units if nests or individuals not provided,
Ctrl_replication_unit,nam of the replication unit,"Replication unit the authors use if it's not nest or individual (e.g. nest, individual or plot)",
Mean_expe_group,,Value of outcome variable in the experimental group,
SD_expe_value,,Standard deviation of the outcome variable in the experimental groups,
SE_expe_value,,Standard error of the outcome variable in the experimental groups,
N_nests_expe,sample size of nests,total number of nests ,
N_individuals_expe,sample size of individuals (total),total number of individuals,
N_other_replication_unit_expe,sample size if the replication unit is neither nest nor individual,total number of other replication units if nests or individuals not provided,
Expe_replication_unit,nam of the replication unit,"Replication unit the authors use if it's not nest or individual (e.g. nest, individual or plot)",
Slope,,slope of the outcome variable for gradients,
Slope_unit,unit of slope,slope unit,
SE_Slope,,standard error of slope,
N_nests_slope,,total number of nests ,
N_individuals_slope,,total number of individuals,
N_other_replication_unit_slope,,total number of other replication units if nests or individuals not provided,
Slope_replication_unit,,"Replication unit the authors use if it's not nest or individual (e.g. nest, individual or plot)",
Inferential_statistic,"p-value, f-value etc.",inferential statistic value for the association between noise and fitness proxies,It is very important to understand this
Inferential_statistic_df1,degree of freedom of the number of groups,degrees of freedom corresponding to the number of treatments,
Inferential_statistic_df2,degree of freedom of the sample size,degrees of freedom corresponding to the number of individuals or nests studied,
Inferential_statistic_df2_level,replication unit: nest / inidvidual / plot,individuals or nests,
Replication_unit_Inferential_stat,??,"Replication unit the authors use (e.g. nest, individual or plot)",
Inferential_statistic_N_Spl_size,,Sample size in number of replication unit,
Inferential_statistic_Type,P / F / Z / corr / etc.,"t_value, p_value, F_value, X2_square, Z_value",
Inferential_statistic_Origin,kind of statistical tes used,"t_test_independent, t_test_dependent, X2_test, lm, glm, LMM, GLMM, one-way ANOVA, two-way ANOVA, ANCOVA, etc",
Inferential_statistic_comment,info on how model was run,,
Inferential_statistic_sign,"if control group > expe group (or noise has negative effects) => -1, if control group < expe group or noise has positive effects on outcome, => +1","For directionless inferential statistics (e.g., p-value, F-value, ?²), assign a sign based on the reference level in the model. If the model’s reference (i.e., the intercept) is the control group, and the treatment group shows a higher value for the outcome, assign +1. If the treatment group shows a lower value than the control, assign –1. This sign should reflect the direction of the effect relative to the reference and must be independent of the Outcome_expected_sign. Both signs must remain separate to prevent them from incorrectly canceling each other out. In practice, the final effect size will be multiplied by both signs to yield the correct overall direction. For more details, refer to the meta-analysis material in 03_effect_size, especially the section titled “Sign matters, A LOT”. Understanding this is crucial—mistakes here can render the dataset invalid.",
CRI_low,lowest boud of confidence / credible interval,Lowest boud of confidence / credible interval,
CRI_high,higest bound of confidence / credible interval,Higest bound of confidence / credible interval,
Model_N_fixef,number of fixed effects if LMM or GLMM,Number of fixed effects if LMM or GLMM,
Model_N_raneff,number of random effects in GLMM / LMM,Number of random effects in GLMM / LMM,
Model_distrib,"Model family / error distribution (e.g. poisson, ligistic, neg binom...)","Model family / error distribution (e.g. poisson, ligistic, neg binom...)",
Model_comments,more info about the model (eg. Bayesian approach),"More info about the model (eg. Bayesian approach, kind of credible interval / confidence interval, 95 or 90% CRI, link functions, etc.)",
Data_in_paper,where did you find this data?,Position of the data in the paper,
Notes,,General notes and comments,
,,,
